{
  "results": [
    {
      "command": "uv run bench/bench_mdakit.py",
      "mean": 448.40817935996006,
      "stddev": 1.3052650604351455,
      "median": 448.86152523496,
      "user": 426.72049730666663,
      "system": 19.389456546666665,
      "min": 446.93668715196003,
      "max": 449.42632569296,
      "times": [
        448.86152523496,
        446.93668715196003,
        449.42632569296
      ],
      "exit_codes": [
        0,
        0,
        0
      ]
    }
  ]
}
