{
  "results": [
    {
      "command": "uv run bench/bench_rustsasa.py",
      "mean": 22.70158908773333,
      "stddev": 1.4382507765493382,
      "median": 21.960721490399997,
      "user": 66.48887640666665,
      "system": 1.001620553333333,
      "min": 21.7848159494,
      "max": 24.3592298234,
      "times": [
        21.960721490399997,
        21.7848159494,
        24.3592298234
      ],
      "exit_codes": [
        0,
        0,
        0
      ]
    }
  ]
}
